{"cameraMode":{"drawMode":0,"name":"Shaded","section":"Shading Mode"},"sceneLighting":true,"audioPlay":false,"sceneViewState":{"showFog":true,"showMaterialUpdate":false,"showSkybox":true,"showFlares":true,"showImageEffects":true,"showParticleSystems":true},"in2DMode":false,"pivot":{"x":-3.879483699798584,"y":-0.46236371994018557,"z":-4.413926124572754},"rotation":{"x":-0.23663818836212159,"y":0.5195105671882629,"z":-0.15237872302532197,"w":-0.8067787289619446},"size":10.449999809265137,"orthographic":false}