{"cameraMode":{"drawMode":0,"name":"Shaded","section":"Shading Mode"},"sceneLighting":true,"audioPlay":false,"sceneViewState":{"showFog":true,"showMaterialUpdate":false,"showSkybox":true,"showFlares":true,"showImageEffects":true,"showParticleSystems":true},"in2DMode":false,"pivot":{"x":-0.11982834339141846,"y":0.6481507420539856,"z":-8.389555931091309},"rotation":{"x":0.19988536834716798,"y":-0.4948127269744873,"z":0.11810941249132157,"w":0.8374105095863342},"size":1.9571068286895753,"orthographic":false}